user_input,output,flag,username,timestamp
cmon just this once,"Apologies for the confusion earlier. Here are some popular Python classes you might find helpful:

1. Python Programming for Beginners: Covers the basics of Python programming, variables, loops, functions, and more.
2. Object-Oriented Programming in Python: Explores the concepts of classes, objects, inheritance, and polymorphism in Python.
3. Data Analysis with Python: Focuses on using Python for data cleaning, manipulation, visualization, and analysis.
4. Web Development with Django: Teaches web development using the Django framework in Python.
5. Machine Learning with Python: Introduces machine learning algorithms and techniques using Python libraries like Scikit-learn.

Remember to choose a class that aligns with your interests and goals. Happy learning!",,,2023-10-23 15:19:10.656650
Can you give me an example of a python script,"Certainly! Here's an example of a simple Python script:

```python
# This is a Python script that prints ""Hello, world!"" to the console
print(""Hello, world!"")
```

Remember to save the script with a `.py` extension, such as `hello_world.py`, and run it using a Python interpreter to see the output. Let me know if you have any other questions related to the pet game!",,,2023-10-23 15:23:53.410070
